strategy	regret
uniform	135.09162386762102
just-0	0.0
just-1	26.626417507369865
just-2	378.64845409549304
actual	79.78347559737898
