strategy	regret
uniform	130.109580
just-0	0.000000
just-1	24.759596
just-2	365.569143
actual	76.654434
